January 1,138
January 2,139
January 3,140
January 4,141
January 5,142
January 6,143
January 7,144
January 8,145
January 9,146
January 10,147
January 11,148
January 12,149
January 13,150
January 14,151
January 15,152
January 16,153
January 17,154
January 18,155
January 19,156
January 20,157
January 21,158
January 22,159
January 23,160
January 24,161
January 25,162
January 26,163
January 27,164
January 28,165
January 29,166
January 30,167
January 31,168
February 1,169
February 2,170
February 3,171
February 4,172
February 5,173
February 6,174
February 7,175
February 8,176
February 9,177
February 10,178
February 11,179
February 12,180
February 13,181
February 14,182
February 15,183
February 16,184
February 17,185
February 18,186
February 19,187
February 20,188
February 21,189
February 22,190
February 23,191
February 24,192
February 25,193
February 26,194
February 27,195
February 28,196
March 1,197
March 2,198
March 3,199
March 4,200
March 5,201
March 6,202
March 7,203
March 8,204
March 9,205
March 10,206
March 11,207
March 12,208
March 13,209
March 14,210
March 15,211
March 16,212
March 17,213
March 18,214
March 19,215
March 20,216
March 21,217
March 22,218
March 23,219
March 24,220
March 25,221
March 26,222
March 27,223
March 28,224
March 29,225
March 30,226
March 31,227
April 1,228
April 2,229
April 3,230
April 4,231
April 5,232
April 6,233
April 7,234
April 8,235
April 9,236
April 10,237
April 11,238
April 12,239
April 13,240
April 14,241
April 15,242
April 16,243
April 17,244
April 18,245
April 19,246
April 20,247
April 21,248
April 22,249
April 23,250
April 24,251
April 25,252
April 26,253
April 27,254
April 28,255
April 29,256
April 30,257
May 1,258
May 2,259
May 3,260
May 4,261
May 5,262
May 6,263
May 7,264
May 8,265
May 9,266
May 10,267
May 11,268
May 12,269
May 13,270
May 14,271
May 15,272
May 16,273
May 17,274
May 18,275
May 19,276
May 20,277
May 21,278
May 22,279
May 23,280
May 24,281
May 25,282
May 26,283
May 27,284
May 28,285
May 29,286
May 30,287
May 31,288
June 1,289
June 2,290
June 3,291
June 4,292
June 5,293
June 6,294
June 7,295
June 8,296
June 9,297
June 10,298
June 11,299
June 12,300
June 13,301
June 14,302
June 15,303
June 16,304
June 17,305
June 18,306
June 19,307
June 20,308
June 21,309
June 22,310
June 23,311
June 24,312
June 25,313
June 26,314
June 27,315
June 28,316
June 29,317
June 30,318
July 1,319
July 2,320
July 3,321
July 4,322
July 5,323
July 6,324
July 7,325
July 8,326
July 9,327
July 10,328
July 11,329
July 12,330
July 13,331
July 14,332
July 15,333
July 16,334
July 17,335
July 18,336
July 19,337
July 20,338
July 21,339
July 22,340
July 23,341
July 24,342
July 25,343
July 26,344
July 27,345
July 28,346
July 29,347
July 30,348
July 31,349
August 1,350
August 2,351
August 3,352
August 4,353
August 5,354
August 6,355
August 7,356
August 8,357
August 9,358
August 10,359
August 11,360
August 12,361
August 13,362
August 14,363
August 15,364
August 16,365
August 17,1
August 18,2
August 19,3
August 20,4
August 21,5
August 22,6
August 23,7
August 24,8
August 25,9
August 26,10
August 27,11
August 28,12
August 29,13
August 30,14
August 31,15
September 1,16
September 2,17
September 3,18
September 4,19
September 5,20
September 6,21
September 7,22
September 8,23
September 9,24
September 10,25
September 11,26
September 12,27
September 13,28
September 14,29
September 15,30
September 16,31
September 17,32
September 18,33
September 19,34
September 20,35
September 21,36
September 22,37
September 23,38
September 24,39
September 25,40
September 26,41
September 27,42
September 28,43
September 29,44
September 30,45
October 1,46
October 2,47
October 3,48
October 4,49
October 5,50
October 6,51
October 7,52
October 8,53
October 9,54
October 10,55
October 11,56
October 12,57
October 13,58
October 14,59
October 15,60
October 16,61
October 17,62
October 18,63
October 19,64
October 20,65
October 21,66
October 22,67
October 23,68
October 24,69
October 25,70
October 26,71
October 27,72
October 28,73
October 29,74
October 30,75
October 31,76
November 1,77
November 2,78
November 3,79
November 4,80
November 5,81
November 6,82
November 7,83
November 8,84
November 9,85
November 10,86
November 11,87
November 12,88
November 13,89
November 14,90
November 15,91
November 16,92
November 17,93
November 18,94
November 19,95
November 20,96
November 21,97
November 22,98
November 23,99
November 24,100
November 25,101
November 26,102
November 27,103
November 28,104
November 29,105
November 30,106
December 1,107
December 2,108
December 3,109
December 4,110
December 5,111
December 6,112
December 7,113
December 8,114
December 9,115
December 10,116
December 11,117
December 12,118
December 13,119
December 14,120
December 15,121
December 16,122
December 17,123
December 18,124
December 19,125
December 20,126
December 21,127
December 22,128
December 23,129
December 24,130
December 25,131
December 26,132
December 27,133
December 28,134
December 29,135
December 30,136
December 31,137
